,element_symbol,atom_number,atom_name,residue_name,x_coord,y_coord,z_coord
2,C,1120,CB,YCM,18.805,29.332,148.6
3,S,1121,SG,YCM,17.945,30.434,147.51
4,C,1122,CD,YCM,19.045,30.731,146.16
5,C,1123,CE,YCM,20.078,31.81,146.405
6,O,1124,OZ1,YCM,21.301,31.57,146.277
7,N,1125,NZ2,YCM,19.651,33.058,146.768
10,C,3460,C1,73R,2.612,26.418,152.427
11,C,3461,C2,73R,2.58,25.93,153.784
12,C,3462,C3,73R,3.864,25.693,154.379
13,C,3463,C5,73R,4.977,26.356,152.48
14,C,3464,C8,73R,1.437,26.676,151.767
15,C,3465,C9,73R,0.2,26.476,152.385
16,C,3466,C12,73R,0.14,26.002,153.708
17,C,3467,C13,73R,1.316,25.729,154.406
18,C,3468,C14,73R,5.124,25.117,156.581
19,C,3469,C15,73R,5.961,26.31,156.584
20,C,3470,C17,73R,7.513,24.396,156.556
21,C,3471,C18,73R,6.059,24.119,156.055
22,C,3472,CAP,73R,-1.227,25.788,154.361
23,N,3473,N4,73R,4.971,25.914,153.71
24,N,3474,N6,73R,3.841,26.613,151.823
25,N,3475,N7,73R,3.907,25.196,155.767
26,N,3476,N16,73R,7.367,25.918,156.574
27,O,3477,O24,73R,5.574,27.465,156.612
28,C,3478,C26,73R,8.417,26.939,156.61
29,C,3479,C27,73R,9.23,26.882,157.875
30,C,3480,C28,73R,10.317,25.768,157.765
31,C,3481,C29,73R,11.169,25.737,156.503
32,C,3482,C30,73R,10.279,25.867,155.287
33,C,3483,C31,73R,9.291,27.02,155.377
34,C,3484,C35,73R,8.415,27.098,154.135
35,C,3485,C36,73R,8.582,28.552,153.526
36,C,3486,C37,73R,7.281,29.002,152.872
37,N,3487,N38,73R,11.917,24.504,156.374
38,C,3488,C39,73R,11.477,23.448,157.26
39,C,3489,C40,73R,13.365,24.683,156.482
40,C,3490,C41,73R,13.755,25.213,157.809
41,C,3491,C42,73R,13.876,25.608,155.372
42,F,3492,F32,73R,-2.184,25.88,153.403
43,F,3493,F33,73R,-1.277,24.556,154.929
44,F,3494,F34,73R,-1.446,26.724,155.297
45,C,3495,C,VT5,3.528,25.441,191.332
46,C,3496,C1,VT5,4.672,26.13,190.644
47,O,3497,O,VT5,5.826,25.881,190.956
48,C,3498,C2,VT5,4.403,27.155,189.576
49,C,3499,C3,VT5,3.337,27.697,189.319
50,C,3500,C4,VT5,3.637,28.654,188.211
51,O,3501,O1,VT5,2.754,29.403,187.659
52,N,3502,N,VT5,4.945,28.59,187.922
53,C,3503,C5,VT5,5.605,27.593,188.794
54,C,3504,C6,VT5,6.164,26.578,187.788
55,C,3505,C11,VT5,7.55,26.071,188.176
56,C,3506,C10,VT5,8.143,25.277,187.021
57,C,3507,C9,VT5,7.251,24.085,186.702
58,C,3508,C8,VT5,5.836,24.539,186.368
59,C,3509,C7,VT5,5.245,25.397,187.483
60,C,3510,C12,VT5,5.566,29.315,186.99
61,C,3511,C13,VT5,6.648,30.123,187.333
62,C,3512,C14,VT5,7.33,30.907,186.418
63,C,3513,C15,VT5,6.935,30.909,185.094
64,C,3514,C16,VT5,5.86,30.122,184.711
65,C,3515,C17,VT5,5.192,29.342,185.652
66,F,3516,F,VT5,4.152,28.588,185.252
67,CL,3517,CL,VT5,7.821,31.924,183.912
68,O,3518,O2,VT5,1.991,27.493,189.905
69,S,3519,S,SO4,8.466,31.905,194.925
70,O,3520,O1,SO4,8.915,30.908,193.957
71,O,3521,O2,SO4,9.028,33.207,194.579
72,O,3522,O3,SO4,7.008,31.979,194.903
73,O,3523,O4,SO4,8.912,31.517,196.26
74,S,3524,S,SO4,1.835,23.086,200.132
75,O,3525,O1,SO4,2.275,22.47,198.883
76,O,3526,O2,SO4,0.845,24.119,199.847
77,O,3527,O3,SO4,1.232,22.073,200.993
78,O,3528,O4,SO4,2.992,23.676,200.8
79,S,3529,S,SO4,1.876,0.926,226.776
80,O,3530,O1,SO4,0.555,0.403,227.119
81,O,3531,O2,SO4,2.054,0.879,225.328
82,O,3532,O3,SO4,2.911,0.121,227.421
83,O,3533,O4,SO4,1.982,2.309,227.232
84,S,3534,S,SO4,-1.326,19.123,220.34
85,O,3535,O1,SO4,-0.051,18.563,219.899
86,O,3536,O2,SO4,-1.5,20.452,219.763
87,O,3537,O3,SO4,-1.347,19.221,221.796
88,O,3538,O4,SO4,-2.41,18.251,219.911
89,C,3539,C18,OLC,-8.074,19.986,170.669
90,C,3540,C10,OLC,-3.942,19.169,178.66
91,C,3541,C9,OLC,-3.649,18.68,179.883
92,C,3542,C17,OLC,-8.59,19.085,171.771
93,C,3543,C11,OLC,-4.931,18.468,177.753
94,C,3544,C8,OLC,-4.298,17.411,180.39
95,C,3545,C24,OLC,-5.042,14.965,191.446
96,C,3546,C16,OLC,-7.477,18.758,172.745
97,C,3547,C12,OLC,-5.478,19.469,176.756
98,C,3548,C7,OLC,-4.306,17.423,181.903
99,C,3549,C15,OLC,-7.31,19.887,173.739
100,C,3550,C13,OLC,-5.99,18.76,175.52
101,C,3551,C6,OLC,-2.892,17.285,182.424
102,C,3552,C14,OLC,-7.34,19.335,175.148
103,C,3553,C5,OLC,-2.936,16.825,183.866
104,C,3554,C4,OLC,-1.531,16.777,184.426
105,C,3555,C3,OLC,-1.428,15.702,185.487
106,C,3556,C2,OLC,-2.284,16.071,186.679
107,C,3557,C21,OLC,-3.531,15.258,189.498
108,C,3558,C1,OLC,-1.785,15.337,187.906
109,C,3559,C22,OLC,-3.61,14.913,190.97
110,O,3560,O19,OLC,-0.998,14.417,187.78
111,O,3561,O25,OLC,-5.086,14.47,192.765
112,O,3562,O23,OLC,-3.123,13.609,191.181
113,O,3563,O20,OLC,-2.233,15.712,189.186
115,O,3565,O,HOH,11.818,21.252,200.18
116,O,3566,O,HOH,6.606,-4.565,222.79
117,O,3567,O,HOH,18.314,17.829,161.88
118,O,3568,O,HOH,-7.517,-0.764,210.205
119,O,3569,O,HOH,17.006,17.07,216.161
120,O,3570,O,HOH,11.832,14.415,202.181
122,O,3572,O,HOH,6.529,26.228,167.188
123,O,3573,O,HOH,-3.803,8.572,201.851
124,O,3574,O,HOH,5.941,30.975,198.858
125,O,3575,O,HOH,-2.553,7.066,200.763
126,O,3576,O,HOH,10.421,24.909,194.409
127,O,3577,O,HOH,10.355,22.239,154.323
128,O,3578,O,HOH,0.508,4.148,161.185
129,O,3579,O,HOH,15.034,14.598,215.822
130,O,3580,O,HOH,17.079,12.508,215.054
131,O,3581,O,HOH,1.182,4.687,163.526
